{
    "y": [-17.3, -16.7, -15.8, -14.8, -13.9, -13.5], 
    "x": [-1.7, -2.3, -3.2, -2.5, -1.6, -0.0],
    "yaw": [-1.66874775,  2.35619449,  2.35619449,  0.96007036,  0.78539816, 0.24497866]
}